{"sensors":[{"sensor":"CALC000698","observations":[{"value":"18.684","timestamp":"03/05/2023T09:50:00","location":""}]},{"sensor":"CALC000120","observations":[{"value":"7.782","timestamp":"03/05/2023T09:50:00","location":""}]},{"sensor":"081419-003-ANA005","observations":[{"value":"772.079","timestamp":"03/05/2023T09:50:00","location":""}]},{"sensor":"CALC000108","observations":[{"value":"0.414","timestamp":"03/05/2023T09:50:00","location":""}]},{"sensor":"CALC000041","observations":[{"value":"68.048","timestamp":"03/05/2023T09:50:00","location":""}]},{"sensor":"430537-001-ANA006","observations":[{"value":"198.5","timestamp":"03/05/2023T09:50:00","location":""}]},{"sensor":"CALC000004","observations":[{"value":"2.524","timestamp":"03/05/2023T09:50:00","location":""}]},{"sensor":"CALC000125","observations":[{"value":"7.111","timestamp":"03/05/2023T09:45:00","location":""}]},{"sensor":"CALC000123","observations":[{"value":"0.869","timestamp":"03/05/2023T09:45:00","location":""}]},{"sensor":"430496-001-ANA001","observations":[{"value":"458.23","timestamp":"03/05/2023T09:45:00","location":""}]},{"sensor":"430430-001-ANA002","observations":[{"value":"79.473","timestamp":"03/05/2023T09:50:00","location":""}]},{"sensor":"CALC000103","observations":[{"value":"1.617","timestamp":"03/05/2023T09:50:00","location":""}]},{"sensor":"CALC000735","observations":[{"value":"29.508","timestamp":"03/05/2023T09:50:00","location":""}]},{"sensor":"CALC000092","observations":[{"value":"0.97","timestamp":"03/05/2023T09:50:00","location":""}]},{"sensor":"250753-004-ANA010","observations":[{"value":"513.4","timestamp":"03/05/2023T09:50:00","location":""}]},{"sensor":"CALC000699","observations":[{"value":"7.194","timestamp":"03/05/2023T09:50:00","location":""}]},{"sensor":"CALC000126","observations":[{"value":"1.116","timestamp":"03/05/2023T09:50:00","location":""}]},{"sensor":"CALC000143","observations":[{"value":"87.188","timestamp":"03/05/2023T09:50:00","location":""}]},{"sensor":"171899-003-ANA007","observations":[{"value":"188.431","timestamp":"03/05/2023T09:50:00","location":""}]},{"sensor":"080581-002-ANA006","observations":[{"value":"98.37","timestamp":"03/05/2023T09:50:00","location":""}]},{"sensor":"171169-001-ANA009","observations":[{"value":"316.934","timestamp":"03/05/2023T09:50:00","location":""}]},{"sensor":"CALC000005","observations":[{"value":"17.646","timestamp":"03/05/2023T09:50:00","location":""}]},{"sensor":"CALC000158","observations":[{"value":"87.214","timestamp":"03/05/2023T09:50:00","location":""}]},{"sensor":"170600-001-ANA021","observations":[{"value":"141.56","timestamp":"03/05/2023T09:50:00","location":""}]},{"sensor":"CALC000046","observations":[{"value":"28.881","timestamp":"03/05/2023T09:50:00","location":""}]},{"sensor":"CALC000713","observations":[{"value":"25.567","timestamp":"03/05/2023T09:50:00","location":""}]},{"sensor":"083036-001-ANA023","observations":[{"value":"381.324","timestamp":"03/05/2023T09:50:00","location":""}]},{"sensor":"CALC000145","observations":[{"value":"13.91","timestamp":"03/05/2023T09:50:00","location":""}]},{"sensor":"CALC000168","observations":[{"value":"37.367","timestamp":"03/05/2023T09:50:00","location":""}]},{"sensor":"CALC000152","observations":[{"value":"8.417","timestamp":"03/05/2023T09:50:00","location":""}]},{"sensor":"CALC000722","observations":[{"value":"23.464","timestamp":"03/05/2023T09:50:00","location":""}]},{"sensor":"082687-001-ANA015","observations":[{"value":"596.41","timestamp":"03/05/2023T09:50:00","location":""}]},{"sensor":"CALC000697","observations":[{"value":"27.978","timestamp":"03/05/2023T09:50:00","location":""}]}]}